{"mean": [0.0666683241724968, -0.03528980538249016, 0.020254405215382576, -0.015257344581186771, -0.014823110774159431, -0.037378549575805664, -0.09806444495916367], "std": [0.24822434782981873, 0.2819927930831909, 0.3379792869091034, 0.1630140095949173, 0.1532236635684967, 0.2384905219078064, 0.992559552192688]}