{"mean": [0.03606276586651802, 0.021795734763145447, 0.013151544146239758, 0.004190731327980757, -0.010148406028747559, 0.019775187596678734, -0.12813766300678253], "std": [0.2277100384235382, 0.19237427413463593, 0.3249405324459076, 0.1855917125940323, 0.1430818885564804, 0.3343055844306946, 0.9897240996360779]}